MerchantID,Name,BusinessType,RegistrationDate,GSTStatus,AvgTransactionVolume
M-00001,Smith-Beck,Wholesale,2020-07-04,Registered,16301.34
M-00002,Jackson Ltd,Wholesale,2018-06-13,Registered,32436.98
M-00003,Adams PLC,Food & Beverage,2024-03-29,Not Registered,23156.13
M-00004,Woodward-Moore,Wholesale,2020-02-24,Registered,26500.55
M-00005,Williams PLC,Food & Beverage,2022-12-10,Not Registered,19506.02
M-00006,"Smith, Thomas and Greene",Wholesale,2021-11-05,Registered,41118.09
M-00007,Hammond-Herring,E-commerce,2022-01-07,Registered,8716.36
M-00008,Hunter Group,Food & Beverage,2015-11-29,Not Registered,43809.85
M-00009,Miller-Sanchez,E-commerce,2022-04-03,Not Registered,40363.92
M-00010,Duran PLC,E-commerce,2015-11-19,Registered,27632.48
M-00011,Morgan Group,Services,2018-06-05,Registered,9424.12
M-00012,Jones-Reyes,Retail,2017-12-04,Not Registered,16434.78
M-00013,Paul Ltd,E-commerce,2017-01-03,Registered,26097.7
M-00014,Price-Carr,Wholesale,2022-10-25,Not Registered,3514.67
M-00015,Ortega Group,Services,2021-05-04,Registered,2079.89
M-00016,Booth Inc,E-commerce,2018-05-27,Registered,49438.91
M-00017,Medina-Garcia,E-commerce,2019-08-29,Registered,30565.64
M-00018,Silva-Lopez,Wholesale,2023-05-12,Registered,17996.18
M-00019,Stone-Parker,Food & Beverage,2023-03-30,Not Registered,32117.06
M-00020,Rivers-Myers,Food & Beverage,2021-08-11,Registered,49794.28
M-00021,"Price, Zavala and Huynh",Retail,2017-01-26,Registered,38976.89
M-00022,"Lucero, Carlson and Mendez",Services,2016-10-01,Registered,18443.49
M-00023,Lee Ltd,Services,2022-10-28,Registered,33021.82
M-00024,Nunez-Byrd,Food & Beverage,2018-03-14,Not Registered,22604.32
M-00025,Rubio Ltd,Wholesale,2021-08-10,Not Registered,3445.07
M-00026,White-Scott,Services,2017-11-27,Not Registered,1678.04
M-00027,Woods-Harper,Wholesale,2016-11-30,Not Registered,43116.09
M-00028,Thornton PLC,E-commerce,2021-06-12,Not Registered,26929.73
M-00029,Thompson-Mitchell,Food & Beverage,2015-08-13,Registered,42187.69
M-00030,"Leonard, Estes and Reed",Wholesale,2021-07-27,Not Registered,49906.14
M-00031,"Morris, Horn and Garcia",Wholesale,2021-04-02,Registered,20339.36
M-00032,Moore and Sons,E-commerce,2016-03-22,Not Registered,11951.36
M-00033,"Gonzalez, Mclean and Hawkins",Services,2017-06-16,Not Registered,9558.67
M-00034,Barton Ltd,Food & Beverage,2020-12-02,Registered,45225.47
M-00035,Trevino-Gonzalez,Food & Beverage,2019-03-20,Registered,32043.6
M-00036,Bennett and Sons,Retail,2020-05-21,Not Registered,23971.6
M-00037,"Fleming, Phillips and Williams",E-commerce,2018-02-02,Registered,37049.23
M-00038,"Williams, Douglas and Moreno",Food & Beverage,2022-08-25,Not Registered,28917.81
M-00039,Huber-Levine,Services,2018-10-27,Not Registered,35016.07
M-00040,"Proctor, Lane and Marshall",E-commerce,2017-03-28,Registered,23486.06
M-00041,Williams-Graham,E-commerce,2022-04-14,Registered,26967.41
M-00042,Cruz-Barnett,Wholesale,2016-02-28,Not Registered,32146.72
M-00043,"Kemp, Acosta and Small",Wholesale,2021-03-24,Registered,39222.09
M-00044,"Morgan, Marshall and Church",Food & Beverage,2020-05-02,Registered,19402.51
M-00045,"Mora, Blair and Reed",Services,2024-03-19,Not Registered,30313.51
M-00046,Graves and Sons,Services,2020-06-05,Not Registered,19321.99
M-00047,"Anderson, Vega and Collins",Services,2017-05-17,Registered,47602.41
M-00048,Gaines-Perry,Wholesale,2019-10-11,Registered,35197.97
M-00049,White Group,E-commerce,2021-09-09,Not Registered,20469.48
M-00050,"Robinson, West and Peters",E-commerce,2014-12-11,Registered,49375.5
M-00051,Logan-Alvarez,E-commerce,2015-01-12,Not Registered,11953.07
M-00052,Garcia-Jackson,E-commerce,2021-02-05,Not Registered,2578.63
M-00053,Murray Inc,Wholesale,2015-12-28,Not Registered,6331.83
M-00054,Clark LLC,E-commerce,2016-02-05,Registered,20687.76
M-00055,Donaldson-Ross,E-commerce,2023-07-21,Not Registered,40187.07
M-00056,Savage-Knapp,Wholesale,2019-10-08,Registered,6214.72
M-00057,"Kim, Mccoy and Jones",Wholesale,2024-03-16,Registered,24466.51
M-00058,Harrell-Jackson,Food & Beverage,2021-01-12,Not Registered,29513.24
M-00059,Hughes-Lee,Retail,2019-07-03,Not Registered,14550.25
M-00060,Rogers-Brewer,Retail,2021-09-30,Registered,19585.29
M-00061,Mason-Williams,Services,2021-06-29,Registered,48208.08
M-00062,"Carpenter, Sullivan and Fuller",E-commerce,2021-04-22,Registered,43438.1
M-00063,Warner LLC,Services,2016-02-11,Registered,34929.88
M-00064,Juarez-Davis,Retail,2023-06-24,Registered,34487.36
M-00065,Rogers-Moreno,Wholesale,2024-01-11,Registered,34517.4
M-00066,"Wallace, Nichols and Holmes",Services,2017-01-31,Not Registered,6927.75
M-00067,"Thompson, Coleman and Young",Food & Beverage,2018-01-24,Not Registered,24381.63
M-00068,White Ltd,Retail,2015-11-07,Not Registered,44408.62
M-00069,"Brown, Hall and Dodson",E-commerce,2023-02-22,Not Registered,8146.14
M-00070,Garcia-Ortiz,Wholesale,2018-12-10,Registered,5568.62
M-00071,Branch LLC,E-commerce,2021-01-16,Registered,23930.86
M-00072,"Lewis, Thompson and Baker",Food & Beverage,2020-09-04,Not Registered,26585.49
M-00073,Pratt LLC,Food & Beverage,2021-01-04,Registered,41008.22
M-00074,Skinner PLC,Wholesale,2024-09-13,Registered,15157.32
M-00075,"Hoffman, Perez and Irwin",E-commerce,2016-01-24,Registered,7038.43
M-00076,Figueroa-Wong,E-commerce,2021-03-09,Not Registered,15157.88
M-00077,Forbes-Robles,Retail,2018-04-09,Not Registered,11894.34
M-00078,Adkins Group,E-commerce,2017-01-11,Not Registered,11947.4
M-00079,Higgins-Wright,Food & Beverage,2019-06-29,Not Registered,5099.47
M-00080,Harrison LLC,Retail,2017-05-25,Registered,32513.76
M-00081,"Rodgers, Ramirez and Taylor",Retail,2018-07-01,Not Registered,17929.76
M-00082,Davis and Sons,Wholesale,2018-07-29,Not Registered,29818.37
M-00083,"Ramos, Small and Valenzuela",Retail,2021-08-15,Not Registered,28401.04
M-00084,Martinez Group,E-commerce,2019-11-14,Not Registered,13407.63
M-00085,"Bridges, Guzman and Pope",Retail,2016-03-02,Registered,21219.54
M-00086,Dixon Group,Food & Beverage,2016-02-27,Not Registered,11615.52
M-00087,White PLC,Services,2023-03-25,Registered,16074.02
M-00088,Collins LLC,Food & Beverage,2014-11-28,Registered,13529.11
M-00089,"Garcia, Reyes and Wood",Food & Beverage,2014-12-25,Not Registered,7162.35
M-00090,King-Newton,Services,2023-02-24,Not Registered,17723.31
M-00091,"Edwards, Griffith and Burke",Retail,2024-01-12,Registered,12182.08
M-00092,Ramirez-Phillips,Food & Beverage,2015-08-06,Not Registered,1079.88
M-00093,Brown-Fox,E-commerce,2021-08-15,Registered,18406.64
M-00094,"Gillespie, Jackson and Wallace",Wholesale,2019-08-15,Not Registered,5173.21
M-00095,Davis Inc,Wholesale,2020-03-30,Not Registered,14865.23
M-00096,Carr Ltd,Services,2018-12-05,Not Registered,6271.59
M-00097,King Group,Food & Beverage,2017-05-14,Not Registered,43205.73
M-00098,Smith Ltd,Food & Beverage,2020-01-27,Not Registered,14586.06
M-00099,Lawrence Group,Food & Beverage,2017-09-22,Registered,22685.24
M-00100,Carlson-Wang,Services,2022-01-12,Registered,26229.69
M-00101,Mason PLC,Food & Beverage,2018-04-20,Not Registered,48146.48
M-00102,Clayton-Brown,Retail,2017-10-14,Not Registered,48042.9
M-00103,Brown-Smith,Food & Beverage,2019-12-19,Not Registered,7166.94
M-00104,Hamilton PLC,E-commerce,2020-10-19,Not Registered,11669.61
M-00105,Luna-Fox,Services,2023-07-23,Registered,48169.71
M-00106,Galloway Inc,E-commerce,2023-02-14,Registered,32143.42
M-00107,Johnson LLC,Food & Beverage,2024-10-24,Registered,22834.86
M-00108,"Curtis, Porter and Lee",Services,2018-06-05,Registered,16813.61
M-00109,Powell Group,Services,2014-11-29,Registered,8839.27
M-00110,"Murphy, Hill and Gonzalez",Retail,2024-09-12,Not Registered,23067.84
M-00111,Bradley-King,Wholesale,2017-08-09,Registered,2701.98
M-00112,Flores-Baxter,Services,2022-03-19,Registered,22164.2
M-00113,Gray-Mason,E-commerce,2021-12-20,Not Registered,29942.58
M-00114,Flores-Day,Wholesale,2024-03-07,Registered,3289.24
M-00115,"Gonzalez, Higgins and Mcdonald",Wholesale,2024-02-29,Registered,15564.55
M-00116,Schmidt LLC,E-commerce,2023-01-28,Registered,43396.28
M-00117,"Maddox, Bauer and Haynes",Retail,2015-12-12,Not Registered,5969.97
M-00118,Frost-Armstrong,Food & Beverage,2020-08-16,Registered,4416.49
M-00119,Wiley PLC,Wholesale,2023-05-11,Not Registered,3177.52
M-00120,Brown-Thompson,Services,2014-12-14,Registered,44028.62
M-00121,Crawford-Martinez,Services,2017-08-02,Registered,7032.3
M-00122,"Alvarez, Day and Hernandez",Food & Beverage,2019-12-10,Registered,1099.74
M-00123,Peters-Johnson,Wholesale,2022-02-14,Registered,11512.39
M-00124,Ortiz-Hanson,Retail,2019-04-02,Registered,16221.85
M-00125,"Murphy, Powell and Simon",Food & Beverage,2020-03-16,Registered,39355.49
M-00126,Carr-Wood,E-commerce,2018-10-22,Registered,47783.97
M-00127,"Jordan, Anderson and Patrick",Wholesale,2019-06-14,Registered,7568.44
M-00128,Butler-Brown,Food & Beverage,2022-08-18,Registered,11153.67
M-00129,Nelson Ltd,Retail,2015-05-13,Registered,48756.3
M-00130,"Hull, Rodriguez and Black",Food & Beverage,2015-07-16,Registered,45562.76
M-00131,Leon-Harris,Wholesale,2018-12-30,Not Registered,28370.74
M-00132,Moore Group,Wholesale,2016-02-25,Registered,9981.24
M-00133,Montgomery-Olson,E-commerce,2018-06-03,Registered,12219.02
M-00134,Stanley-Lyons,Services,2019-05-22,Not Registered,25687.86
M-00135,"Farrell, Andrews and Brown",E-commerce,2021-11-05,Registered,30480.45
M-00136,"Salas, Miller and Rivera",Wholesale,2015-04-16,Registered,38009.3
M-00137,Orr Inc,Retail,2020-05-20,Not Registered,46513.54
M-00138,Mccarthy-Williams,E-commerce,2015-03-23,Not Registered,34596.14
M-00139,Hansen-Rodriguez,Wholesale,2022-02-27,Not Registered,14706.29
M-00140,Rhodes Inc,Retail,2021-11-03,Registered,29498.72
M-00141,"Ferguson, Tyler and Nichols",Wholesale,2024-09-22,Not Registered,40626.4
M-00142,Lee Group,Wholesale,2021-04-26,Not Registered,43434.6
M-00143,"Padilla, Barker and Daniels",Services,2016-01-02,Registered,24456.14
M-00144,Clayton-Wagner,Services,2015-10-14,Registered,16315.43
M-00145,Campbell LLC,Services,2024-11-14,Not Registered,33620.44
M-00146,Owens-Moran,E-commerce,2024-01-06,Registered,13455.46
M-00147,"Brown, Gray and Greer",E-commerce,2019-05-28,Registered,1595.9
M-00148,Miller and Sons,Wholesale,2021-07-31,Not Registered,31887.14
M-00149,Ho LLC,Services,2023-02-11,Not Registered,19840.41
M-00150,Frost-Lewis,E-commerce,2017-05-01,Not Registered,47418.93
M-00151,Vang Group,Services,2023-08-17,Not Registered,29939.04
M-00152,Allen Group,Wholesale,2020-06-26,Not Registered,20087.06
M-00153,"Hendricks, Walker and Bautista",Wholesale,2024-03-21,Registered,7707.78
M-00154,Rogers-Martinez,Wholesale,2022-06-16,Not Registered,5861.78
M-00155,Larson Group,Retail,2020-10-18,Registered,46284.92
M-00156,Knox-Watts,Services,2019-05-18,Not Registered,42218.65
M-00157,"Flynn, Crawford and Hayden",Wholesale,2016-10-21,Not Registered,46044.99
M-00158,Barrett LLC,Wholesale,2016-04-11,Not Registered,13878.49
M-00159,Vaughn Group,E-commerce,2020-05-10,Not Registered,9805.91
M-00160,"Lozano, Lopez and Reynolds",Retail,2018-01-15,Registered,37797.82
M-00161,Harvey LLC,Services,2024-09-29,Not Registered,17997.73
M-00162,Mclaughlin and Sons,Food & Beverage,2022-03-05,Not Registered,16227.17
M-00163,Gates-Brown,Retail,2022-06-24,Registered,42484.31
M-00164,Gallagher Group,Food & Beverage,2023-01-14,Not Registered,32470.29
M-00165,Austin Group,E-commerce,2023-05-11,Not Registered,23924.77
M-00166,Howe LLC,Retail,2024-02-28,Registered,3128.98
M-00167,"Sosa, Avery and Montgomery",Services,2021-08-28,Registered,16808.09
M-00168,Payne-Wall,Retail,2020-12-01,Registered,19369.92
M-00169,Ward-Bell,Food & Beverage,2021-11-26,Registered,23238.89
M-00170,Chavez LLC,Services,2015-06-04,Not Registered,44987.51
M-00171,Bridges-Williams,Wholesale,2018-10-31,Not Registered,18540.94
M-00172,"Lopez, Jones and Rangel",Services,2022-12-29,Not Registered,14952.84
M-00173,Warren LLC,Wholesale,2018-05-16,Registered,1985.73
M-00174,Norman LLC,Services,2016-01-16,Not Registered,28085.54
M-00175,Roberts-Guerra,Retail,2022-03-24,Not Registered,26139.61
M-00176,Garcia-Wilson,Food & Beverage,2017-10-24,Registered,47278.89
M-00177,Lewis Ltd,Services,2017-10-01,Not Registered,21632.22
M-00178,Esparza-Hines,E-commerce,2015-05-30,Not Registered,25978.23
M-00179,"Villa, Brown and Roth",Services,2019-01-05,Registered,2271.96
M-00180,Long Ltd,Wholesale,2015-04-26,Registered,39586.44
M-00181,"Hicks, Christensen and Carter",E-commerce,2024-05-13,Registered,11375.71
M-00182,Wilson Ltd,Services,2016-01-09,Not Registered,17936.11
M-00183,"Velazquez, Roberts and Shah",Wholesale,2022-04-21,Registered,2460.5
M-00184,Wright PLC,Food & Beverage,2019-09-16,Registered,40428.32
M-00185,Thomas-Conner,Services,2020-01-24,Registered,38337.93
M-00186,"Ramos, Jones and Walker",Food & Beverage,2022-06-17,Not Registered,18940.99
M-00187,Hall-Clark,Food & Beverage,2022-02-15,Not Registered,30394.3
M-00188,Price-Price,Services,2019-07-02,Not Registered,9224.35
M-00189,Zimmerman Inc,Retail,2015-01-27,Not Registered,20268.48
M-00190,Ford LLC,Wholesale,2017-12-26,Registered,9947.55
M-00191,"Underwood, Jenkins and Williams",E-commerce,2016-08-21,Registered,41536.41
M-00192,"Mitchell, Kim and Flynn",Retail,2020-02-03,Not Registered,9697.76
M-00193,"Martin, Cooley and Ramos",Food & Beverage,2016-01-02,Not Registered,39753.32
M-00194,"Salazar, Roberts and Hughes",Retail,2019-11-20,Registered,37931.0
M-00195,Conner Ltd,Retail,2017-10-18,Registered,37452.65
M-00196,Warren Inc,Food & Beverage,2016-09-03,Not Registered,33133.39
M-00197,Garner Inc,Wholesale,2018-09-11,Registered,32433.26
M-00198,"Graham, Jordan and Adams",E-commerce,2015-02-15,Registered,45047.99
M-00199,Reid Group,Services,2019-11-01,Not Registered,41592.79
M-00200,Carter Inc,Retail,2022-08-14,Registered,33974.05
M-00201,Flynn and Sons,Wholesale,2018-11-21,Registered,2075.91
M-00202,Martinez-Nichols,E-commerce,2022-07-03,Not Registered,31409.77
M-00203,"Martin, Thomas and Hawkins",Food & Beverage,2018-10-29,Not Registered,27826.24
M-00204,Long-Jennings,Food & Beverage,2023-03-29,Not Registered,42698.94
M-00205,Howell PLC,Retail,2022-02-25,Registered,19911.13
M-00206,Shaw Ltd,Food & Beverage,2015-05-30,Not Registered,23545.36
M-00207,"Delgado, Ray and Green",Wholesale,2024-02-10,Not Registered,40845.76
M-00208,Decker-Evans,Retail,2024-06-28,Not Registered,38444.62
M-00209,Gross Group,Wholesale,2017-10-21,Registered,8873.09
M-00210,Blackwell LLC,Retail,2021-04-23,Not Registered,5930.98
M-00211,Lane Group,E-commerce,2021-08-10,Registered,42131.89
M-00212,"Wilcox, Marsh and Mccann",Services,2017-01-03,Not Registered,31262.09
M-00213,Nguyen PLC,Services,2016-02-24,Not Registered,21313.38
M-00214,Hunt and Sons,Wholesale,2015-07-29,Registered,37417.35
M-00215,Floyd-Haynes,E-commerce,2023-01-03,Not Registered,47676.92
M-00216,"Davidson, Lee and Garcia",Retail,2021-09-16,Not Registered,37581.18
M-00217,"Wagner, Johnson and Brady",Retail,2022-02-09,Registered,29158.71
M-00218,Watts-Wise,Services,2018-04-15,Not Registered,16446.28
M-00219,"Sherman, Brown and Tran",Food & Beverage,2020-03-31,Not Registered,28589.5
M-00220,Lawrence-Rivera,Wholesale,2020-04-30,Not Registered,28826.34
M-00221,Williams-Ho,Wholesale,2021-03-13,Registered,10304.68
M-00222,"Duffy, Williams and Hunter",Retail,2022-12-14,Registered,6753.72
M-00223,Kim-Moore,Retail,2017-04-17,Registered,41305.99
M-00224,"Woods, Newman and Jackson",Food & Beverage,2022-05-17,Registered,47642.89
M-00225,Lopez Ltd,Wholesale,2018-03-09,Not Registered,45418.4
M-00226,Carroll-Garcia,E-commerce,2015-05-01,Not Registered,11471.41
M-00227,Skinner Group,Food & Beverage,2021-01-25,Not Registered,14317.5
M-00228,"Cox, Powell and Patterson",Food & Beverage,2024-01-29,Registered,21659.91
M-00229,Scott and Sons,Wholesale,2022-10-06,Registered,6297.87
M-00230,Williams-Rose,E-commerce,2017-10-26,Registered,29257.06
M-00231,Fernandez-Brown,Retail,2018-06-17,Not Registered,20211.89
M-00232,"Whitaker, Davis and Phillips",E-commerce,2021-10-20,Not Registered,24547.84
M-00233,Graves Ltd,Services,2024-11-18,Registered,18656.26
M-00234,Freeman Group,Services,2023-10-27,Not Registered,29430.55
M-00235,"Neal, Gaines and Bennett",E-commerce,2020-02-18,Registered,11898.87
M-00236,Proctor Inc,E-commerce,2024-09-10,Registered,35142.65
M-00237,"Johnson, Barton and Gonzalez",E-commerce,2020-04-02,Registered,33179.84
M-00238,Allison-Garza,Services,2023-10-18,Registered,21486.58
M-00239,Durham LLC,E-commerce,2020-08-08,Not Registered,33888.74
M-00240,"Maldonado, Davis and Swanson",Wholesale,2019-04-05,Registered,46151.29
M-00241,"Rodriguez, Robertson and Sanchez",E-commerce,2023-05-27,Not Registered,30762.44
M-00242,Flynn Inc,Services,2017-11-17,Registered,23370.39
M-00243,Moore-Miller,Services,2020-08-22,Registered,14828.04
M-00244,Smith PLC,E-commerce,2015-07-07,Registered,46322.83
M-00245,Martinez LLC,E-commerce,2022-05-12,Registered,33770.04
M-00246,"Young, Henry and Smith",Wholesale,2016-01-21,Not Registered,25568.78
M-00247,Thomas Ltd,Food & Beverage,2024-08-25,Not Registered,20896.97
M-00248,Martinez-Nicholson,E-commerce,2020-01-15,Registered,1776.54
M-00249,Best Ltd,E-commerce,2019-05-21,Registered,4328.64
M-00250,Spence and Sons,Services,2016-03-20,Registered,35049.69
M-00251,"Campbell, Adams and Melton",Wholesale,2016-05-31,Registered,24179.46
M-00252,"King, Mann and Barajas",Food & Beverage,2018-11-17,Not Registered,13391.95
M-00253,Ortiz Inc,Wholesale,2015-12-05,Registered,5721.72
M-00254,Gilmore PLC,Wholesale,2020-04-04,Not Registered,10046.92
M-00255,Petersen-Gardner,E-commerce,2024-04-28,Registered,26655.93
M-00256,Roach and Sons,Wholesale,2015-12-16,Registered,5546.02
M-00257,Miller LLC,Food & Beverage,2016-03-25,Not Registered,9021.61
M-00258,Johnson LLC,Food & Beverage,2015-09-21,Not Registered,1478.27
M-00259,"Olson, Bates and Jackson",Retail,2018-04-13,Not Registered,40784.43
M-00260,Hernandez-Shannon,E-commerce,2023-06-28,Registered,29405.51
M-00261,Woods Group,Retail,2016-10-25,Registered,8676.35
M-00262,"Cortez, Newman and Burgess",E-commerce,2021-12-22,Not Registered,28887.0
M-00263,Burnett Inc,Services,2018-08-16,Not Registered,30139.78
M-00264,Lee-Miller,Services,2016-05-01,Registered,7332.25
M-00265,Morgan-Robinson,Retail,2024-04-24,Registered,31417.47
M-00266,Scott-Coleman,Food & Beverage,2017-01-03,Registered,29457.06
M-00267,Stokes PLC,E-commerce,2017-01-14,Registered,19662.21
M-00268,Smith and Sons,E-commerce,2016-10-01,Not Registered,4399.73
M-00269,"Rodriguez, Johns and Bradshaw",Wholesale,2024-03-09,Registered,44623.45
M-00270,Bishop-Lopez,Retail,2020-04-28,Registered,17448.61
M-00271,Lawson Inc,Wholesale,2024-05-15,Registered,3274.06
M-00272,"Williams, Riley and Owens",Retail,2015-05-05,Not Registered,47256.24
M-00273,Pratt-Lee,Food & Beverage,2015-01-05,Registered,27361.2
M-00274,Whitehead PLC,Services,2016-06-02,Not Registered,22559.21
M-00275,Alvarez-Robinson,Food & Beverage,2019-03-27,Not Registered,34561.38
M-00276,Wade-Powers,Wholesale,2018-11-01,Registered,44448.64
M-00277,Lee LLC,Food & Beverage,2021-10-09,Registered,12489.03
M-00278,Medina-Allen,Services,2016-05-01,Registered,43964.45
M-00279,Rogers LLC,E-commerce,2017-10-25,Not Registered,37222.08
M-00280,Lindsey-Jones,Services,2016-10-17,Registered,4796.0
M-00281,Williams-Patton,E-commerce,2017-02-04,Registered,44707.34
M-00282,Burton-Patrick,E-commerce,2015-09-11,Registered,24304.69
M-00283,Wilson-Nguyen,E-commerce,2017-08-15,Registered,12343.48
M-00284,Ward Ltd,E-commerce,2015-03-04,Registered,49115.93
M-00285,Carrillo LLC,Wholesale,2021-02-25,Registered,22344.69
M-00286,Conley-Yates,Wholesale,2021-01-17,Registered,44628.26
M-00287,"Mueller, Duran and Delacruz",Retail,2016-05-03,Not Registered,39183.48
M-00288,Cole-Weeks,Services,2022-01-23,Not Registered,7206.89
M-00289,"Vaughn, Torres and Bradley",Services,2020-08-02,Registered,40408.05
M-00290,Rogers-Stafford,Wholesale,2020-08-20,Not Registered,4894.08
M-00291,"Bennett, Butler and Gill",E-commerce,2018-03-17,Registered,47222.05
M-00292,Moore-Lyons,Food & Beverage,2020-07-01,Not Registered,22016.73
M-00293,Durham Inc,Retail,2020-07-02,Not Registered,37487.83
M-00294,"Alvarez, Jackson and Oconnell",Services,2024-02-06,Registered,47314.18
M-00295,"Davis, Smith and Warren",Wholesale,2016-05-19,Not Registered,14461.43
M-00296,Sandoval-Branch,Services,2016-06-19,Registered,19697.28
M-00297,Young Group,Retail,2022-07-13,Registered,35831.87
M-00298,"Johnson, Smith and Miller",Wholesale,2022-08-02,Registered,13729.81
M-00299,Morales-Castillo,Retail,2022-04-03,Registered,29953.81
M-00300,"Gonzalez, Neal and Moore",Retail,2016-10-19,Registered,5260.12
M-00301,Serrano Inc,Services,2021-01-19,Not Registered,40941.71
M-00302,Johnston-Garcia,Services,2015-12-20,Registered,14623.13
M-00303,Davis-Orozco,Wholesale,2020-12-31,Registered,30120.25
M-00304,"Pena, Beard and Williams",Wholesale,2018-12-03,Registered,3319.62
M-00305,"Ray, Thompson and Franco",Food & Beverage,2018-03-19,Not Registered,2715.03
M-00306,Jones PLC,Food & Beverage,2023-08-25,Not Registered,5315.39
M-00307,Murphy-Gonzales,Services,2017-11-15,Registered,7210.67
M-00308,Wells Group,Food & Beverage,2018-05-24,Not Registered,17690.86
M-00309,Jones Group,Wholesale,2018-12-04,Registered,29924.98
M-00310,Martin-Bradford,Services,2020-07-13,Registered,22340.85
M-00311,Rogers Ltd,E-commerce,2019-07-16,Not Registered,24148.23
M-00312,Johnson-Flores,Retail,2021-08-10,Not Registered,15531.35
M-00313,Carpenter-Riley,E-commerce,2023-06-23,Registered,27099.97
M-00314,Smith-Allison,Wholesale,2018-03-27,Not Registered,37374.27
M-00315,"Stewart, Webster and Daniels",E-commerce,2020-01-06,Not Registered,16707.44
M-00316,Patterson-Miller,Retail,2022-08-29,Not Registered,43047.0
M-00317,Keller-Sutton,Retail,2022-05-05,Registered,1532.49
M-00318,"Pruitt, Gibson and Anderson",E-commerce,2023-11-29,Not Registered,17037.17
M-00319,Freeman Inc,Retail,2018-10-19,Registered,13775.13
M-00320,Green-Fowler,Retail,2020-07-10,Registered,40442.71
M-00321,Mcdowell PLC,Services,2023-12-08,Registered,36491.92
M-00322,"Warren, Morgan and Smith",Retail,2023-11-19,Not Registered,12423.77
M-00323,Stone-White,Services,2016-07-03,Registered,24496.71
M-00324,Lutz LLC,E-commerce,2018-12-28,Registered,21136.94
M-00325,"Cervantes, Grimes and Rodriguez",Services,2024-04-14,Not Registered,8726.8
M-00326,"Gentry, Smith and Rosario",Food & Beverage,2015-06-08,Not Registered,34364.14
M-00327,"Lewis, Hall and Blake",Retail,2023-11-25,Registered,31532.24
M-00328,Mcdonald-Fisher,Wholesale,2024-09-14,Registered,2610.56
M-00329,Reed LLC,E-commerce,2024-11-21,Registered,24151.96
M-00330,West-Harrell,Food & Beverage,2020-05-02,Registered,7358.89
M-00331,"Moore, White and Pacheco",Services,2020-09-22,Not Registered,40036.67
M-00332,Gould-Foster,Food & Beverage,2018-01-05,Not Registered,21533.82
M-00333,"Morris, Young and Harris",Services,2018-05-21,Registered,41620.75
M-00334,Jimenez-Hamilton,Services,2016-07-20,Registered,19455.16
M-00335,Carney-James,Wholesale,2016-07-24,Not Registered,37028.22
M-00336,"Mcdonald, Zimmerman and King",Wholesale,2020-03-24,Registered,41601.34
M-00337,Thompson-Brown,Wholesale,2023-07-19,Registered,29461.79
M-00338,"Jackson, Smith and Mckinney",Services,2016-08-10,Registered,32126.41
M-00339,Shah-Becker,Retail,2019-06-23,Registered,41522.07
M-00340,"Mullen, Perkins and Barton",Food & Beverage,2019-04-05,Registered,37798.02
M-00341,Graham Ltd,Wholesale,2023-06-11,Registered,27204.07
M-00342,"Boyd, Dyer and Mckee",E-commerce,2021-03-19,Not Registered,13786.0
M-00343,"Daugherty, Thomas and Bryant",Services,2015-02-26,Registered,1062.72
M-00344,Andrade-Williams,Retail,2018-06-29,Not Registered,30930.24
M-00345,Arias-Mack,Services,2015-05-01,Registered,30581.83
M-00346,"Williams, Vega and Powell",E-commerce,2017-12-09,Registered,46724.32
M-00347,Campbell LLC,E-commerce,2020-10-11,Registered,43772.81
M-00348,Moran-Becker,Services,2016-01-27,Not Registered,8515.51
M-00349,Williams PLC,Wholesale,2017-10-14,Registered,13702.04
M-00350,"Garcia, Russell and Barnes",Retail,2019-10-29,Not Registered,38461.09
M-00351,Ortiz-Shea,Wholesale,2018-07-25,Registered,38935.09
M-00352,Ross and Sons,Services,2023-07-26,Not Registered,28744.39
M-00353,Tucker Inc,Food & Beverage,2022-05-28,Registered,16778.11
M-00354,Archer Inc,Wholesale,2021-12-07,Registered,20982.0
M-00355,"Bryant, Nelson and Sharp",Food & Beverage,2024-07-05,Registered,41818.93
M-00356,Moore-Mccall,Wholesale,2015-11-30,Not Registered,12403.04
M-00357,Hughes PLC,Wholesale,2023-04-24,Registered,27689.91
M-00358,Mendez-Clark,Food & Beverage,2017-09-14,Registered,9979.84
M-00359,Nichols-Tapia,Wholesale,2024-08-12,Registered,29803.14
M-00360,Berry-Jackson,Retail,2022-11-16,Not Registered,7743.14
M-00361,Valdez-Sanchez,Wholesale,2021-07-15,Registered,6479.23
M-00362,"Brown, Hill and Lee",Wholesale,2018-01-29,Registered,15024.04
M-00363,Nguyen LLC,Wholesale,2020-07-23,Registered,13226.79
M-00364,"Ruiz, Dixon and Liu",Wholesale,2016-10-27,Registered,10151.4
M-00365,Gomez PLC,Retail,2017-08-05,Not Registered,34013.23
M-00366,Kelley-Parker,E-commerce,2020-01-20,Registered,27172.79
M-00367,Brown-Lee,E-commerce,2023-07-26,Registered,34620.28
M-00368,"Robinson, Mcdonald and Johnston",Wholesale,2020-11-08,Registered,39519.98
M-00369,Adkins-Holland,Services,2024-05-19,Not Registered,28544.93
M-00370,"Sanchez, Garner and Cisneros",Retail,2015-05-03,Not Registered,49041.83
M-00371,"Martin, Lee and Brooks",Food & Beverage,2017-09-17,Registered,17053.19
M-00372,Patterson Inc,E-commerce,2021-04-02,Registered,45434.88
M-00373,"Richardson, Kane and Ellis",Retail,2021-05-12,Registered,6012.6
M-00374,"Garza, Smith and Martin",Services,2016-08-03,Not Registered,39029.86
M-00375,Cruz LLC,Wholesale,2022-01-19,Registered,48956.01
M-00376,Salazar Group,Wholesale,2017-01-16,Not Registered,42626.86
M-00377,Cooper Group,E-commerce,2014-11-29,Not Registered,48694.44
M-00378,"Buck, Nelson and Gaines",Food & Beverage,2021-04-09,Not Registered,45305.14
M-00379,"Wilson, Gross and Griffith",Wholesale,2021-02-27,Not Registered,29419.3
M-00380,Nelson Inc,Retail,2023-10-15,Not Registered,39970.7
M-00381,Martin LLC,Services,2018-08-02,Not Registered,22126.4
M-00382,Carr-Wall,E-commerce,2017-08-18,Registered,18379.94
M-00383,Harmon Ltd,Services,2022-06-23,Not Registered,2756.36
M-00384,Francis PLC,Retail,2016-06-05,Not Registered,40359.33
M-00385,"Mitchell, Johns and Miller",Services,2022-01-22,Not Registered,41476.36
M-00386,Terry-Johnson,E-commerce,2018-07-08,Registered,39103.33
M-00387,Lopez-Harmon,Retail,2021-07-23,Not Registered,5466.06
M-00388,"Gibbs, Gomez and Keith",Services,2020-03-27,Registered,43039.61
M-00389,Lawson Ltd,Retail,2022-07-10,Not Registered,49549.27
M-00390,Villarreal-Johnson,Food & Beverage,2015-05-13,Registered,1120.82
M-00391,Cannon and Sons,Wholesale,2019-05-22,Registered,48102.09
M-00392,Jimenez Inc,Wholesale,2024-04-24,Registered,45827.49
M-00393,Rodriguez PLC,Food & Beverage,2019-05-14,Registered,19871.31
M-00394,"Woodard, Wright and Johnson",E-commerce,2018-01-21,Not Registered,15313.1
M-00395,Gordon and Sons,Retail,2021-06-02,Not Registered,42261.98
M-00396,Tyler PLC,Services,2016-01-19,Not Registered,21087.69
M-00397,"Love, Johnson and Bradley",Services,2021-12-13,Registered,19970.24
M-00398,Matthews-Phillips,Retail,2023-07-07,Registered,14115.95
M-00399,Lopez-Cruz,Services,2023-04-23,Not Registered,31222.05
M-00400,Brown Inc,Food & Beverage,2022-08-19,Not Registered,11017.25
M-00401,"Mccarthy, Boyer and Mahoney",Services,2020-10-08,Registered,25609.41
M-00402,Coleman and Sons,Retail,2023-07-28,Registered,21820.61
M-00403,"Kelly, Mccall and Moore",Services,2022-09-13,Registered,25158.42
M-00404,"Williams, Farrell and Gross",Wholesale,2024-02-10,Registered,16388.5
M-00405,"Clark, Dean and Cross",Wholesale,2018-08-23,Not Registered,9930.85
M-00406,West-Owens,Services,2016-06-29,Not Registered,10158.62
M-00407,Page-Morales,Wholesale,2023-01-04,Registered,38575.12
M-00408,Richards Group,E-commerce,2018-07-17,Registered,28121.71
M-00409,Mcgee and Sons,Food & Beverage,2020-07-16,Registered,22876.21
M-00410,Flynn PLC,Wholesale,2017-05-04,Not Registered,27418.71
M-00411,Evans-Martin,E-commerce,2015-06-13,Registered,8927.31
M-00412,"Pena, Ortiz and Hamilton",Services,2019-06-24,Not Registered,46483.57
M-00413,"Wright, Russell and Matthews",Services,2021-09-20,Registered,6040.1
M-00414,Riley PLC,Wholesale,2018-06-09,Not Registered,36218.95
M-00415,Hartman PLC,E-commerce,2018-10-29,Not Registered,42113.17
M-00416,King LLC,Services,2022-06-28,Registered,22565.67
M-00417,Jones Group,Retail,2017-04-20,Registered,4313.45
M-00418,"Evans, Rice and Franklin",Services,2019-01-02,Registered,34066.34
M-00419,"Smith, Jackson and Dudley",Wholesale,2019-11-12,Not Registered,41000.49
M-00420,Gutierrez Inc,Retail,2024-10-10,Registered,2405.11
M-00421,Maddox-Carroll,Wholesale,2017-01-12,Not Registered,10930.37
M-00422,Madden Inc,Services,2019-03-12,Not Registered,23272.11
M-00423,"Kennedy, Mckinney and Miller",Retail,2017-09-22,Registered,14649.28
M-00424,Mitchell-Spencer,Food & Beverage,2022-09-07,Not Registered,6476.6
M-00425,"Lee, Parker and Booth",Retail,2015-08-30,Not Registered,15251.85
M-00426,Brown-Zamora,Services,2023-03-27,Not Registered,8954.65
M-00427,"Lawson, Rice and Nguyen",Services,2018-10-07,Not Registered,8688.83
M-00428,"Crawford, Craig and Fritz",Services,2017-02-19,Registered,18119.37
M-00429,Garcia-Brown,Services,2015-06-01,Registered,21063.49
M-00430,"Clarke, Dixon and Brown",Retail,2015-01-12,Registered,49472.08
M-00431,Elliott-Price,Food & Beverage,2024-08-12,Registered,1011.7
M-00432,Faulkner-Burke,Wholesale,2022-01-19,Registered,36904.72
M-00433,Carlson-Peterson,Food & Beverage,2016-03-20,Registered,34075.37
M-00434,Chavez Ltd,Food & Beverage,2015-10-24,Registered,12896.12
M-00435,Golden-Osborn,Retail,2022-02-28,Not Registered,27904.77
M-00436,"Cole, Warren and Henson",Wholesale,2021-03-26,Registered,7849.27
M-00437,Lewis-Gutierrez,E-commerce,2015-08-11,Not Registered,44552.68
M-00438,Williamson PLC,Food & Beverage,2022-10-01,Registered,21291.54
M-00439,Sweeney-Jones,Services,2018-07-15,Registered,20563.91
M-00440,"Wright, Morris and Rodriguez",Retail,2018-04-09,Registered,11865.21
M-00441,"Gomez, Berry and Berg",E-commerce,2023-06-01,Not Registered,42943.71
M-00442,Ramirez Ltd,Services,2015-05-18,Not Registered,49692.39
M-00443,Kelly Ltd,Retail,2019-12-20,Registered,19690.63
M-00444,Sanders PLC,Services,2016-04-22,Registered,10445.6
M-00445,Morales PLC,Retail,2015-03-23,Registered,1447.6
M-00446,"Becker, Larson and Bowman",Wholesale,2015-08-06,Registered,2204.02
M-00447,"Snyder, Davis and Sandoval",Food & Beverage,2020-08-18,Not Registered,7331.5
M-00448,Kline and Sons,Wholesale,2024-10-21,Registered,37774.08
M-00449,Hubbard Ltd,Wholesale,2017-06-02,Not Registered,26755.43
M-00450,"Morales, Garcia and White",E-commerce,2022-10-17,Not Registered,16976.22
M-00451,"Nicholson, Duke and Garcia",Retail,2021-11-21,Registered,15740.87
M-00452,"Guerrero, Barry and Frazier",Retail,2024-01-17,Not Registered,31370.85
M-00453,Ortega LLC,Services,2019-11-25,Not Registered,45940.01
M-00454,Aguilar-Davies,Services,2020-10-12,Registered,46373.24
M-00455,Collier-Guzman,E-commerce,2017-01-10,Not Registered,28202.6
M-00456,Miller and Sons,Retail,2020-03-07,Registered,11302.75
M-00457,Moss PLC,E-commerce,2023-05-16,Not Registered,10215.45
M-00458,Garcia-Dorsey,Wholesale,2015-09-29,Not Registered,40899.89
M-00459,Beard LLC,Wholesale,2016-10-03,Registered,34884.1
M-00460,Chapman-Tucker,Food & Beverage,2024-04-12,Not Registered,27165.46
M-00461,"Fox, Bryant and Wood",Wholesale,2021-05-23,Not Registered,45310.77
M-00462,"Graham, Anderson and Ross",E-commerce,2016-05-18,Registered,31277.32
M-00463,"Smith, Sandoval and Osborne",Services,2020-08-11,Registered,10051.16
M-00464,Sanchez-Jackson,E-commerce,2021-02-23,Registered,4353.45
M-00465,"Reid, York and Morgan",E-commerce,2018-03-27,Not Registered,25109.46
M-00466,"Knox, Mcgee and Hubbard",Food & Beverage,2017-12-21,Not Registered,36790.76
M-00467,Jones LLC,E-commerce,2019-03-10,Not Registered,39522.9
M-00468,Smith-Garcia,Retail,2017-07-06,Registered,35491.16
M-00469,Thomas Inc,Services,2016-03-28,Registered,5092.68
M-00470,"Shepard, Melton and Wagner",E-commerce,2019-04-06,Registered,44346.28
M-00471,Cervantes Ltd,Food & Beverage,2015-11-23,Not Registered,8527.12
M-00472,Lindsey-Wilcox,Retail,2022-07-14,Not Registered,45456.94
M-00473,"Hodge, Mcdonald and Martin",Retail,2024-07-23,Registered,16169.42
M-00474,Brooks PLC,Food & Beverage,2019-10-10,Not Registered,21757.65
M-00475,Montgomery LLC,Services,2022-04-12,Not Registered,29342.08
M-00476,"Blackburn, Harris and Gibson",E-commerce,2018-10-30,Registered,49804.67
M-00477,"Underwood, Miller and Gilbert",Wholesale,2020-05-06,Registered,21459.03
M-00478,"Hayes, Ramirez and Beck",Food & Beverage,2021-03-08,Registered,10601.74
M-00479,Levy Inc,Services,2024-04-23,Not Registered,19767.34
M-00480,Brady-Gillespie,Retail,2015-04-24,Registered,40726.94
M-00481,Graham-Glenn,Retail,2017-03-04,Registered,22267.58
M-00482,Boone PLC,Wholesale,2018-11-25,Not Registered,14254.8
M-00483,Medina-Schultz,E-commerce,2015-10-12,Registered,39832.79
M-00484,Baker-Anderson,Wholesale,2023-11-01,Registered,16614.65
M-00485,"Fuller, Russell and Moore",Wholesale,2019-07-02,Not Registered,32442.31
M-00486,Edwards-Mueller,Services,2017-11-24,Registered,41828.66
M-00487,Wright Inc,Food & Beverage,2022-03-21,Not Registered,15434.1
M-00488,Gordon Ltd,Food & Beverage,2019-04-17,Registered,35512.46
M-00489,Shaw-Flores,Wholesale,2022-01-14,Registered,19475.5
M-00490,Johnson Inc,Retail,2022-07-16,Registered,11097.45
M-00491,"Macias, Adams and Brandt",Wholesale,2018-03-18,Registered,21712.55
M-00492,Valenzuela-Norton,Wholesale,2015-01-28,Registered,35773.75
M-00493,Bradley-Johnson,Wholesale,2014-11-25,Not Registered,7902.54
M-00494,Turner PLC,Food & Beverage,2024-03-06,Registered,4238.38
M-00495,Hill and Sons,E-commerce,2019-07-20,Not Registered,20174.32
M-00496,Taylor LLC,Services,2017-10-17,Not Registered,49533.28
M-00497,"Hernandez, Perez and Price",Food & Beverage,2023-04-06,Registered,29981.14
M-00498,"Simon, Perry and Nicholson",Services,2018-10-16,Not Registered,26937.45
M-00499,"Ortiz, Fischer and Sanchez",Services,2023-02-13,Registered,18934.12
M-00500,Horne PLC,Retail,2019-03-17,Registered,18703.68
M-00501,Vasquez Ltd,Services,2015-09-17,Registered,40351.02
M-00502,Nelson-Tucker,Food & Beverage,2023-03-25,Not Registered,21118.15
M-00503,"Burgess, Jones and Hawkins",Wholesale,2019-02-24,Registered,18761.35
M-00504,Thomas PLC,Retail,2022-06-13,Not Registered,18652.37
M-00505,Vasquez Inc,Wholesale,2024-04-01,Not Registered,1195.34
M-00506,Sanchez-Heath,Retail,2022-01-01,Not Registered,6892.31
M-00507,"Long, Farmer and Mason",E-commerce,2020-01-31,Not Registered,25872.81
M-00508,Wright Inc,Food & Beverage,2019-03-23,Not Registered,27084.12
M-00509,Trevino Group,Food & Beverage,2022-03-21,Registered,34825.28
M-00510,"Sheppard, Walker and Garcia",Wholesale,2021-01-22,Not Registered,15489.58
M-00511,Jensen PLC,Food & Beverage,2016-09-24,Registered,37683.63
M-00512,"Garcia, Camacho and Johnson",Services,2020-08-24,Registered,37130.89
M-00513,Jordan-Gray,Food & Beverage,2015-05-19,Registered,6849.48
M-00514,"Ferrell, Tate and Morrison",Services,2015-03-26,Registered,14031.87
M-00515,Baxter Ltd,Services,2023-06-30,Registered,46270.86
M-00516,Adams-Williams,Services,2022-08-31,Registered,19475.95
M-00517,Johnson LLC,Wholesale,2019-02-14,Not Registered,6298.1
M-00518,Price-Norris,Wholesale,2017-07-07,Not Registered,34239.88
M-00519,"Young, Reynolds and Simpson",Wholesale,2022-02-18,Not Registered,4388.34
M-00520,Taylor-Harris,Food & Beverage,2015-02-17,Registered,9545.64
M-00521,Barber LLC,E-commerce,2017-10-20,Registered,19898.05
M-00522,"Gillespie, Young and Woodward",Food & Beverage,2022-11-10,Not Registered,40667.38
M-00523,Roberts-Warren,Services,2018-06-25,Not Registered,14602.2
M-00524,"Allen, Kirk and Anderson",E-commerce,2022-01-22,Registered,46059.23
M-00525,Hardy LLC,Services,2016-02-28,Not Registered,33383.25
M-00526,Mcintosh Inc,E-commerce,2016-06-05,Registered,44776.24
M-00527,Barton-Galvan,Services,2023-12-19,Registered,29105.98
M-00528,"Robinson, Zamora and Flores",Retail,2016-07-30,Not Registered,7989.75
M-00529,"Kidd, Waters and Carroll",Food & Beverage,2019-11-03,Registered,7375.55
M-00530,Lee-Owens,Wholesale,2021-12-19,Not Registered,24920.39
M-00531,"Ramsey, Reed and Lindsey",Retail,2024-10-26,Not Registered,26580.88
M-00532,"Shelton, Hess and Jones",Retail,2019-03-19,Not Registered,32883.12
M-00533,"Montgomery, Lopez and Washington",Retail,2020-01-30,Not Registered,31050.3
M-00534,Williams-Stuart,Services,2024-07-13,Registered,48565.05
M-00535,Porter-Martin,E-commerce,2015-02-26,Registered,7498.81
M-00536,Escobar-Barrett,E-commerce,2017-08-03,Not Registered,3991.7
M-00537,"Moore, Foster and Walton",Services,2022-07-05,Registered,45351.09
M-00538,Lewis and Sons,Food & Beverage,2019-03-23,Registered,46845.75
M-00539,"Davis, Henry and Hodges",Retail,2022-06-07,Registered,28050.29
M-00540,Rogers Inc,Wholesale,2017-03-07,Not Registered,13114.38
M-00541,"Maxwell, Hoffman and Davis",E-commerce,2019-01-10,Registered,11894.32
M-00542,"Burke, Graves and Villa",E-commerce,2024-07-01,Registered,6158.66
M-00543,"Webb, Henderson and Williams",Food & Beverage,2023-12-28,Not Registered,13698.66
M-00544,White-Ali,Wholesale,2021-12-12,Registered,16557.2
M-00545,Taylor-Hill,Retail,2019-07-01,Not Registered,47159.07
M-00546,Richardson Ltd,Wholesale,2017-11-25,Not Registered,16866.57
M-00547,Burgess Inc,Services,2023-10-28,Registered,36253.78
M-00548,"Miller, Hill and Newman",E-commerce,2024-08-20,Not Registered,16095.93
M-00549,"Delgado, Benitez and Turner",Services,2015-08-18,Registered,22372.6
M-00550,Myers-Zavala,Food & Beverage,2019-07-24,Registered,32231.77
M-00551,Williams-Schmidt,Services,2022-02-16,Not Registered,19591.01
M-00552,Baxter-Crane,Food & Beverage,2020-07-08,Registered,42682.45
M-00553,Krause Ltd,Wholesale,2018-07-24,Not Registered,5095.96
M-00554,Montgomery Group,Retail,2021-03-18,Not Registered,19955.7
M-00555,Larson LLC,Food & Beverage,2020-01-29,Registered,10461.54
M-00556,Hernandez Ltd,Wholesale,2020-10-16,Not Registered,13024.26
M-00557,Harris LLC,Services,2022-01-12,Not Registered,34701.87
M-00558,"Powell, Farrell and West",Retail,2015-10-21,Registered,6955.16
M-00559,"Jimenez, Summers and Ruiz",E-commerce,2021-09-03,Not Registered,28633.27
M-00560,Stephens PLC,Food & Beverage,2020-04-22,Not Registered,11842.97
M-00561,"Thomas, Choi and Wood",Food & Beverage,2017-08-12,Not Registered,18831.15
M-00562,"Heath, Benitez and Roberts",Food & Beverage,2016-11-09,Not Registered,42939.17
M-00563,Johnson PLC,Retail,2015-09-05,Not Registered,5578.35
M-00564,"Berry, Anderson and Johnson",Food & Beverage,2021-11-27,Registered,34358.23
M-00565,"Sanders, Blair and Ritter",Retail,2019-12-05,Not Registered,15754.71
M-00566,"Washington, Ingram and Collier",Wholesale,2018-12-16,Not Registered,14575.76
M-00567,Jones LLC,Food & Beverage,2021-01-18,Not Registered,26507.84
M-00568,Figueroa-Washington,Retail,2021-11-19,Registered,49992.95
M-00569,French PLC,Wholesale,2019-04-12,Not Registered,43131.51
M-00570,"Bush, Daniels and Villanueva",E-commerce,2020-01-22,Registered,31347.88
M-00571,Rodriguez-Fuller,Retail,2022-12-12,Registered,17873.5
M-00572,Carroll-Graves,Wholesale,2024-05-17,Not Registered,27389.75
M-00573,Davis LLC,Retail,2018-12-27,Registered,5690.39
M-00574,Noble LLC,E-commerce,2020-08-18,Not Registered,32572.75
M-00575,"Diaz, Price and Owens",Wholesale,2023-03-08,Registered,28009.09
M-00576,Harrell Inc,Retail,2024-09-29,Registered,44793.94
M-00577,"Black, Walker and Leach",Services,2020-06-03,Not Registered,32202.96
M-00578,Walsh Group,Services,2017-02-04,Registered,28204.81
M-00579,Johnson-Adams,Wholesale,2021-03-24,Registered,8409.25
M-00580,Nelson Inc,Wholesale,2018-09-17,Registered,14353.08
M-00581,Patel-Gilmore,Services,2017-10-15,Registered,48598.15
M-00582,"Schmidt, Mitchell and Sosa",E-commerce,2015-05-04,Registered,20802.72
M-00583,"Figueroa, Young and Marshall",Retail,2023-12-25,Not Registered,25919.47
M-00584,Rose-West,Services,2022-11-18,Not Registered,7318.06
M-00585,Carter-Avila,Services,2021-08-01,Registered,44868.08
M-00586,Carter Inc,E-commerce,2018-06-22,Registered,36981.55
M-00587,"Bowers, Medina and Mccoy",Retail,2023-08-06,Registered,9656.85
M-00588,Gallagher Group,Wholesale,2014-12-30,Not Registered,11315.63
M-00589,Nelson-Wilson,Retail,2015-06-09,Registered,39930.26
M-00590,"Roberts, Olson and Howell",Wholesale,2019-04-12,Not Registered,2370.75
M-00591,Smith-Davies,Wholesale,2015-07-14,Registered,47901.06
M-00592,Cook-Duran,Retail,2018-07-07,Registered,16154.47
M-00593,Bryant LLC,Food & Beverage,2020-02-23,Not Registered,43310.56
M-00594,Reid and Sons,Food & Beverage,2019-03-28,Not Registered,37182.47
M-00595,King-Allen,E-commerce,2018-09-12,Registered,36987.82
M-00596,Maldonado-Howard,Retail,2022-12-07,Not Registered,4806.12
M-00597,"Stone, Moore and Martin",E-commerce,2020-02-10,Not Registered,30217.26
M-00598,"Hicks, Pruitt and Meyer",Services,2015-05-27,Registered,44428.7
M-00599,Stark Ltd,Wholesale,2019-07-28,Registered,13797.91
M-00600,Gomez-Smith,Wholesale,2015-10-22,Not Registered,14103.59
M-00601,Robinson Inc,Wholesale,2024-07-14,Registered,29522.99
M-00602,"Mckinney, Cisneros and Martin",Food & Beverage,2019-12-22,Not Registered,46178.7
M-00603,Rodgers PLC,Services,2015-08-26,Not Registered,30801.22
M-00604,"Dunn, Brennan and Goodwin",Wholesale,2021-12-08,Not Registered,35501.26
M-00605,Hancock and Sons,E-commerce,2015-12-14,Not Registered,26980.88
M-00606,Vargas-Moreno,Wholesale,2018-06-06,Registered,16851.58
M-00607,"Rhodes, Hebert and Osborne",E-commerce,2020-06-02,Registered,49919.89
M-00608,"Garcia, Brown and Martinez",Wholesale,2018-11-05,Not Registered,8317.99
M-00609,Bolton-Pearson,E-commerce,2023-12-10,Not Registered,3363.52
M-00610,"Wright, Cortez and Larson",Services,2017-10-16,Not Registered,8815.69
M-00611,"Black, Tucker and Ellis",Retail,2022-01-30,Registered,20453.81
M-00612,"Brown, Meyer and Reed",Food & Beverage,2015-08-15,Registered,6707.14
M-00613,"Swanson, Jones and Erickson",Food & Beverage,2015-06-09,Registered,1234.41
M-00614,Lopez Ltd,Wholesale,2016-02-02,Registered,13746.34
M-00615,Chen Inc,Food & Beverage,2016-01-12,Not Registered,9414.69
M-00616,Moore-Perez,E-commerce,2024-11-14,Not Registered,36823.08
M-00617,Stewart PLC,Retail,2015-12-18,Registered,44433.43
M-00618,Crawford LLC,Services,2020-09-27,Not Registered,3987.53
M-00619,Moore-Payne,Food & Beverage,2024-01-04,Registered,22519.53
M-00620,"Mitchell, Young and Parrish",E-commerce,2017-05-03,Not Registered,27656.29
M-00621,Myers Group,E-commerce,2015-08-27,Not Registered,20192.41
M-00622,Mclaughlin-Smith,Services,2022-01-28,Registered,49063.32
M-00623,"Hanna, Warren and Tran",Services,2019-08-21,Registered,41507.57
M-00624,Watts Ltd,Food & Beverage,2021-07-06,Registered,5239.72
M-00625,Johnson PLC,E-commerce,2024-05-28,Registered,21003.83
M-00626,"Boyer, Barry and Adams",Food & Beverage,2020-11-06,Registered,49900.13
M-00627,Booth Ltd,Wholesale,2019-10-08,Registered,31021.81
M-00628,Brooks LLC,Food & Beverage,2024-03-14,Not Registered,49106.15
M-00629,"Baker, Diaz and Shannon",Retail,2023-04-30,Registered,7353.84
M-00630,Morgan LLC,E-commerce,2019-11-07,Not Registered,35532.28
M-00631,Stephens-Oliver,Wholesale,2015-02-26,Not Registered,44233.44
M-00632,"Oconnell, Williams and Rangel",Food & Beverage,2017-07-18,Registered,23070.68
M-00633,"Carroll, Ramirez and Daniels",E-commerce,2022-09-25,Not Registered,25486.11
M-00634,Terrell Ltd,E-commerce,2024-06-08,Registered,27133.33
M-00635,Butler Ltd,Wholesale,2017-11-24,Registered,20600.12
M-00636,Scott-Tran,Wholesale,2016-01-05,Registered,9695.2
M-00637,Patterson-Ford,Retail,2020-06-02,Not Registered,13831.05
M-00638,Flores-Zimmerman,Services,2019-07-29,Not Registered,11753.29
M-00639,Trujillo Group,E-commerce,2019-02-08,Registered,33735.6
M-00640,"Compton, Walker and Sanchez",Wholesale,2022-12-07,Not Registered,24099.57
M-00641,"Alexander, Gutierrez and Carr",Retail,2018-09-20,Not Registered,18347.89
M-00642,Medina Inc,Wholesale,2017-10-09,Not Registered,26310.09
M-00643,Flynn-Ortiz,E-commerce,2023-06-09,Not Registered,20265.09
M-00644,Wright Inc,Food & Beverage,2016-12-25,Registered,12272.2
M-00645,Brown-Sims,Services,2017-10-27,Not Registered,37686.12
M-00646,"Martin, Anderson and Jones",Wholesale,2022-03-24,Registered,48957.81
M-00647,"Mercado, Salas and Hamilton",Services,2020-06-11,Not Registered,29856.4
M-00648,Mcgee-Obrien,Services,2022-06-03,Registered,17872.01
M-00649,"Collier, Wood and Steele",Wholesale,2020-11-13,Not Registered,6278.51
M-00650,"Farmer, Jackson and Hanson",Services,2016-07-07,Registered,14829.03
M-00651,Brady-Jackson,E-commerce,2019-02-24,Not Registered,4124.95
M-00652,"Green, Garcia and Ruiz",Wholesale,2016-10-31,Not Registered,19848.0
M-00653,"White, Ball and Bennett",Wholesale,2022-02-02,Registered,27086.55
M-00654,"Davis, Gonzales and Grant",Services,2024-04-05,Registered,16925.99
M-00655,Lawrence Group,Wholesale,2019-09-07,Not Registered,2583.16
M-00656,Silva-Green,Retail,2018-02-19,Not Registered,40269.69
M-00657,"Booker, Perez and Fleming",E-commerce,2020-10-15,Registered,24316.16
M-00658,Murphy and Sons,E-commerce,2020-06-11,Registered,27766.22
M-00659,James-Crawford,Wholesale,2016-01-10,Not Registered,19908.09
M-00660,Howard PLC,Retail,2023-02-17,Not Registered,26606.41
M-00661,Reeves Inc,E-commerce,2019-10-21,Registered,42031.22
M-00662,Burnett LLC,Services,2023-08-27,Not Registered,25782.67
M-00663,Cox-Jones,Services,2022-11-11,Not Registered,9923.33
M-00664,Cole-Galvan,Services,2019-10-25,Not Registered,47889.23
M-00665,Moore-Oliver,Food & Beverage,2022-06-08,Not Registered,22849.1
M-00666,Morgan-Adams,Wholesale,2018-09-08,Registered,34335.49
M-00667,"Jenkins, Knight and Lester",E-commerce,2019-05-10,Not Registered,34041.74
M-00668,"Gordon, Brown and Stewart",Food & Beverage,2024-03-26,Not Registered,19985.12
M-00669,"George, Smith and Wilson",Food & Beverage,2023-11-08,Not Registered,21199.92
M-00670,Camacho Inc,E-commerce,2019-04-28,Not Registered,35832.32
M-00671,"Acosta, Watson and Tran",Retail,2024-02-20,Registered,42712.81
M-00672,Smith-Moran,Retail,2020-12-26,Not Registered,32704.99
M-00673,"Howard, Gray and Hutchinson",Wholesale,2023-05-28,Registered,26405.52
M-00674,Smith Ltd,Retail,2023-09-20,Not Registered,2637.33
M-00675,Cunningham-Stevens,Retail,2024-11-15,Not Registered,26472.94
M-00676,Smith LLC,Retail,2023-03-30,Not Registered,26397.85
M-00677,"Newman, Ross and Benson",E-commerce,2020-03-02,Registered,47987.21
M-00678,Gilbert-Sanchez,Wholesale,2023-10-08,Registered,25485.86
M-00679,"Perez, Phillips and Lam",Food & Beverage,2021-03-24,Not Registered,38059.08
M-00680,Chambers Group,Retail,2022-06-23,Not Registered,29325.94
M-00681,"Peters, Wright and Romero",Wholesale,2017-02-20,Registered,31869.56
M-00682,Dickson LLC,Food & Beverage,2018-04-03,Registered,11899.98
M-00683,"Dodson, Carter and Curry",Retail,2019-02-18,Registered,9638.19
M-00684,"Allen, Farmer and Meyer",Wholesale,2024-05-10,Not Registered,38537.72
M-00685,Garza-Blanchard,Wholesale,2023-04-10,Not Registered,36932.06
M-00686,Patel-Schultz,Food & Beverage,2020-01-16,Registered,12396.0
M-00687,Evans Group,Retail,2015-08-18,Not Registered,28354.74
M-00688,Guerrero-Watkins,Food & Beverage,2024-11-13,Registered,12871.95
M-00689,"Everett, Lopez and Rodriguez",Food & Beverage,2021-08-28,Not Registered,11149.39
M-00690,Morales-Cook,E-commerce,2023-11-09,Not Registered,26517.82
M-00691,"Russell, Hurley and Fischer",Food & Beverage,2021-08-06,Not Registered,21700.24
M-00692,Nunez LLC,Services,2024-11-03,Registered,28016.18
M-00693,Moon-Martinez,Retail,2016-11-21,Registered,14698.08
M-00694,"Robinson, Glover and Porter",Food & Beverage,2021-03-10,Not Registered,17249.61
M-00695,Carroll LLC,Services,2020-10-17,Not Registered,24954.74
M-00696,Gordon Inc,Retail,2023-10-23,Not Registered,42893.02
M-00697,"Suarez, Adams and Clark",Services,2015-02-18,Not Registered,1418.8
M-00698,"Turner, Malone and Barnes",E-commerce,2015-04-09,Registered,23715.36
M-00699,Solomon-Mejia,Wholesale,2022-01-09,Not Registered,22825.57
M-00700,"Mccoy, Terry and Williams",Retail,2015-06-22,Not Registered,10636.95
M-00701,"Greene, Conley and Davis",Services,2023-05-08,Registered,23777.89
M-00702,"Marks, Anderson and Logan",Food & Beverage,2024-05-19,Registered,10784.07
M-00703,"Dickson, Patrick and Howard",Food & Beverage,2021-08-14,Registered,44153.63
M-00704,Velasquez-Morris,Food & Beverage,2018-01-24,Registered,19751.64
M-00705,Fox and Sons,Retail,2021-12-31,Registered,3390.16
M-00706,Gomez Inc,E-commerce,2016-04-05,Registered,48151.82
M-00707,Sullivan Group,E-commerce,2021-07-27,Registered,42678.61
M-00708,Franklin Inc,E-commerce,2024-10-06,Not Registered,43271.67
M-00709,Ferguson Inc,Retail,2022-09-07,Not Registered,22161.24
M-00710,"Baker, Smith and Richards",Services,2017-07-04,Not Registered,33866.43
M-00711,"Powell, Weaver and Soto",Retail,2019-09-03,Not Registered,45159.6
M-00712,Franklin PLC,Retail,2022-04-28,Not Registered,30460.04
M-00713,Franco-Wood,Food & Beverage,2022-12-19,Not Registered,14389.5
M-00714,"Johnson, Moore and Curtis",Wholesale,2019-11-15,Not Registered,12552.58
M-00715,Rodriguez-Kelly,Services,2020-02-11,Not Registered,26155.67
M-00716,Johnson Group,Retail,2023-01-30,Not Registered,26669.76
M-00717,Griffin Inc,Services,2019-09-07,Registered,26707.89
M-00718,Curry-Andrews,Services,2021-04-21,Not Registered,42464.21
M-00719,"Carlson, Martin and Lamb",Services,2015-04-24,Registered,29949.17
M-00720,"Freeman, Mueller and Baker",Retail,2023-11-02,Registered,5246.68
M-00721,Williams-Barrett,Retail,2023-04-27,Registered,46293.97
M-00722,"Avila, Ramirez and Evans",Services,2023-08-04,Registered,36984.33
M-00723,Freeman LLC,Food & Beverage,2023-12-23,Not Registered,42151.87
M-00724,Thomas Ltd,Services,2018-12-03,Registered,38788.11
M-00725,Ramos Group,Retail,2017-11-17,Not Registered,5920.53
M-00726,Glover-Miller,E-commerce,2018-04-25,Not Registered,30389.74
M-00727,Austin-Newman,Retail,2015-12-06,Registered,32426.9
M-00728,Ortiz-Acosta,Wholesale,2019-03-05,Registered,1687.82
M-00729,Armstrong-Clarke,E-commerce,2018-03-21,Registered,42738.34
M-00730,"Gardner, Fowler and Benson",Food & Beverage,2016-09-28,Not Registered,4289.14
M-00731,Cain-Combs,Retail,2023-09-28,Registered,15348.88
M-00732,Nelson LLC,Food & Beverage,2022-05-18,Registered,3443.3
M-00733,Bradford Inc,Services,2022-09-13,Not Registered,8379.99
M-00734,Hughes-Long,Wholesale,2023-03-15,Not Registered,28711.43
M-00735,"Serrano, Baker and Castillo",Food & Beverage,2019-02-15,Not Registered,8435.67
M-00736,Hoffman Inc,Retail,2016-06-08,Not Registered,25323.74
M-00737,Cook and Sons,Services,2020-07-07,Registered,19557.51
M-00738,"Lozano, Jackson and Ellison",Food & Beverage,2022-11-11,Not Registered,14149.5
M-00739,"Johnson, Anderson and Harrison",Retail,2018-07-20,Registered,14561.42
M-00740,Nguyen and Sons,Retail,2022-11-22,Not Registered,23777.85
M-00741,Day-Boyd,E-commerce,2024-07-09,Not Registered,18658.7
M-00742,"Henderson, Martinez and Shaw",Retail,2024-08-20,Registered,8780.14
M-00743,Hodge Group,Retail,2016-03-29,Registered,13689.4
M-00744,Moreno PLC,Food & Beverage,2018-10-13,Not Registered,4861.77
M-00745,Hancock-Hill,Retail,2023-06-15,Not Registered,29260.06
M-00746,Jones-Walker,Food & Beverage,2024-02-29,Registered,21316.77
M-00747,Hunter and Sons,Retail,2019-02-23,Not Registered,18932.66
M-00748,"Savage, Bright and Frazier",Wholesale,2021-07-24,Registered,27064.28
M-00749,Ramirez LLC,E-commerce,2016-09-26,Not Registered,46256.46
M-00750,Wilson-Dixon,Food & Beverage,2015-07-29,Registered,20869.36
M-00751,Richards-Flores,Wholesale,2023-05-21,Registered,14812.48
M-00752,"Walker, Robinson and Washington",E-commerce,2017-10-07,Registered,47655.86
M-00753,Fox Ltd,Food & Beverage,2023-03-25,Not Registered,39322.01
M-00754,Sanchez-Trevino,Retail,2019-05-17,Not Registered,22887.7
M-00755,"Morse, Williams and Murphy",Wholesale,2022-03-24,Not Registered,4841.65
M-00756,Taylor PLC,Food & Beverage,2017-03-16,Registered,7167.56
M-00757,Watts Inc,Food & Beverage,2024-05-08,Not Registered,22371.61
M-00758,"Shaw, Cameron and Mcintosh",Retail,2017-08-09,Not Registered,30045.07
M-00759,Garcia LLC,Wholesale,2016-08-16,Not Registered,8474.93
M-00760,Bender and Sons,Food & Beverage,2021-05-16,Registered,34416.16
M-00761,Phillips PLC,Food & Beverage,2019-05-02,Not Registered,38529.31
M-00762,"King, White and Holmes",Wholesale,2021-08-21,Registered,39911.07
M-00763,Snow-Strong,Wholesale,2021-10-12,Registered,17952.6
M-00764,Shea Ltd,Retail,2016-10-16,Not Registered,49166.53
M-00765,"Bernard, Christian and Dominguez",Food & Beverage,2021-10-09,Not Registered,22262.63
M-00766,"Lawson, Harris and Costa",Wholesale,2020-01-12,Registered,14685.88
M-00767,Harding-Douglas,Food & Beverage,2019-06-11,Not Registered,48743.91
M-00768,Johnson LLC,Food & Beverage,2017-05-31,Not Registered,45060.99
M-00769,Williams and Sons,E-commerce,2024-01-01,Not Registered,25498.25
M-00770,"Brock, Blankenship and Mcgrath",Retail,2018-07-04,Not Registered,47673.59
M-00771,Snyder-Ward,Wholesale,2021-06-05,Registered,28558.2
M-00772,Ryan PLC,Food & Beverage,2023-12-18,Registered,12674.53
M-00773,"Grimes, Day and Dunn",Retail,2018-11-21,Registered,45997.53
M-00774,Wilson Group,Food & Beverage,2023-09-25,Not Registered,22898.76
M-00775,Stokes-Mcmillan,Services,2024-01-08,Registered,23506.55
M-00776,"Sheppard, Kent and Cabrera",Retail,2016-11-12,Not Registered,2805.72
M-00777,Webb Ltd,Retail,2023-03-06,Not Registered,21770.07
M-00778,Brown Group,Food & Beverage,2022-11-25,Registered,13164.52
M-00779,Williams Group,Services,2024-09-11,Registered,34957.54
M-00780,Salas LLC,Retail,2024-07-27,Not Registered,46513.8
M-00781,Foley Ltd,Services,2022-03-18,Not Registered,42088.75
M-00782,"Ward, Love and Meyer",Retail,2015-08-23,Registered,1752.74
M-00783,Cook-Dunn,Services,2022-12-09,Not Registered,47107.09
M-00784,Pace-Eaton,Food & Beverage,2015-01-25,Registered,40154.26
M-00785,Frost Inc,Wholesale,2023-12-28,Registered,30484.37
M-00786,"Daniels, Frazier and Gonzales",Services,2024-07-08,Not Registered,26586.75
M-00787,Wright-Johnson,Food & Beverage,2015-07-23,Registered,14802.0
M-00788,Woods-Duffy,Wholesale,2015-11-06,Registered,1446.28
M-00789,Brown Inc,Services,2024-01-19,Registered,7918.16
M-00790,"Reid, Campbell and Cortez",Services,2015-10-08,Registered,3362.51
M-00791,Parsons Group,Food & Beverage,2015-05-13,Not Registered,32512.91
M-00792,"Lopez, Patterson and Clayton",Food & Beverage,2018-04-08,Not Registered,44886.42
M-00793,Bailey-Walters,Services,2014-11-27,Not Registered,14600.46
M-00794,"Costa, Li and Smith",Retail,2023-03-09,Not Registered,24106.82
M-00795,Villarreal-Cannon,Food & Beverage,2016-12-04,Not Registered,20478.46
M-00796,"Miller, Orr and Miller",E-commerce,2022-03-31,Registered,4197.42
M-00797,"Jenkins, Walter and Schneider",Wholesale,2024-02-28,Not Registered,3222.87
M-00798,Reid PLC,E-commerce,2021-04-10,Registered,25019.0
M-00799,"Hill, Howard and West",Wholesale,2019-02-15,Registered,31247.83
M-00800,Martin Inc,Wholesale,2022-09-07,Not Registered,27430.02
M-00801,Gonzalez Inc,Wholesale,2018-09-19,Registered,37470.82
M-00802,Smith-Gill,Wholesale,2022-08-21,Not Registered,9573.1
M-00803,"Richmond, Werner and Martinez",Food & Beverage,2016-08-27,Registered,44144.44
M-00804,Dixon LLC,Wholesale,2022-11-17,Not Registered,36635.46
M-00805,Allen Ltd,Food & Beverage,2016-03-11,Not Registered,20980.43
M-00806,Smith Inc,Services,2015-11-13,Not Registered,4905.7
M-00807,Pena Ltd,Retail,2015-05-16,Not Registered,5388.56
M-00808,Martin-Schmidt,Retail,2020-02-26,Not Registered,37410.42
M-00809,Jones Ltd,Services,2024-06-21,Not Registered,49014.71
M-00810,"Jordan, Petersen and Calhoun",Retail,2023-09-16,Not Registered,33008.77
M-00811,Bolton-Hill,E-commerce,2023-09-21,Registered,18716.9
M-00812,Landry PLC,Wholesale,2022-05-04,Registered,12327.22
M-00813,Burns-Johnson,E-commerce,2019-08-03,Registered,29875.09
M-00814,Zimmerman-Fowler,Retail,2023-06-30,Registered,10680.48
M-00815,Freeman-Patterson,Retail,2024-06-23,Registered,10923.61
M-00816,Patel-Johnson,Retail,2017-05-30,Not Registered,41728.11
M-00817,Dennis-Simpson,E-commerce,2022-03-23,Not Registered,48506.08
M-00818,"Collins, Clark and Brewer",Wholesale,2024-10-31,Not Registered,18289.9
M-00819,Morris-Hayes,Food & Beverage,2016-01-27,Registered,15271.98
M-00820,Brooks PLC,Services,2021-05-31,Not Registered,26793.14
M-00821,"Elliott, Brooks and Pacheco",Retail,2020-01-15,Not Registered,21852.03
M-00822,Martinez-Owens,Services,2016-05-22,Registered,5829.14
M-00823,Nguyen-Porter,Food & Beverage,2017-02-11,Registered,31255.54
M-00824,Acosta-Cox,Wholesale,2021-10-10,Registered,7393.45
M-00825,Cross-Wade,Services,2017-04-09,Registered,31188.35
M-00826,"Roach, Smith and Keith",Services,2019-11-16,Registered,39021.03
M-00827,Vargas Group,Wholesale,2015-06-04,Not Registered,4048.23
M-00828,"Kelly, Brooks and Johnson",E-commerce,2024-03-09,Not Registered,41130.51
M-00829,"Douglas, Chavez and Wood",Services,2017-12-24,Not Registered,21551.78
M-00830,Richmond PLC,Wholesale,2015-10-29,Not Registered,11489.24
M-00831,"Levine, Smith and Duke",Services,2021-06-21,Not Registered,30098.61
M-00832,"Gonzalez, Ortega and Baird",Services,2024-09-14,Not Registered,25669.91
M-00833,Jones-Wallace,Services,2019-02-09,Not Registered,3664.67
M-00834,"Valencia, Nunez and Long",Services,2015-09-18,Not Registered,26224.16
M-00835,Kennedy-Browning,E-commerce,2017-08-30,Not Registered,1888.58
M-00836,Weber-Woods,Food & Beverage,2016-05-24,Not Registered,24827.51
M-00837,Lucas Inc,E-commerce,2014-12-07,Registered,8245.93
M-00838,Peterson-Garcia,Services,2023-03-06,Not Registered,9249.71
M-00839,"Phillips, Clark and Brown",Wholesale,2015-12-19,Not Registered,25686.8
M-00840,Fuentes-Jacobs,Services,2016-12-02,Not Registered,4068.75
M-00841,Nolan Ltd,Services,2021-12-28,Not Registered,42407.33
M-00842,"Perkins, Kaiser and King",Wholesale,2021-05-01,Registered,18637.46
M-00843,Harrison-Cox,Wholesale,2016-07-03,Registered,48024.27
M-00844,Kramer-Dennis,Services,2019-02-12,Registered,26674.74
M-00845,Gonzalez-Schroeder,Food & Beverage,2018-07-17,Not Registered,23010.71
M-00846,"Taylor, Stokes and Allen",Services,2023-06-17,Not Registered,8019.57
M-00847,"Gutierrez, Smith and Diaz",Food & Beverage,2015-05-23,Registered,47564.27
M-00848,Dickerson-Anderson,Food & Beverage,2020-10-31,Not Registered,23760.29
M-00849,Tucker-Valentine,Food & Beverage,2024-03-11,Not Registered,43405.83
M-00850,Jacobs-Garner,Services,2018-06-01,Not Registered,17959.34
M-00851,Barrett Inc,Retail,2020-03-18,Registered,5723.72
M-00852,"Reed, Craig and Williams",Retail,2021-01-12,Not Registered,40645.68
M-00853,"Hahn, Hartman and Gilbert",Wholesale,2017-01-17,Not Registered,34848.21
M-00854,Jackson-Williams,Wholesale,2024-06-24,Registered,28993.1
M-00855,Fields LLC,E-commerce,2015-07-15,Not Registered,43907.06
M-00856,"Camacho, Martin and Smith",Food & Beverage,2021-07-10,Not Registered,21331.4
M-00857,"Hamilton, Dickerson and Tate",Services,2018-04-30,Registered,18873.29
M-00858,Torres-Coleman,Retail,2023-07-08,Registered,33221.15
M-00859,Spencer Ltd,Retail,2023-07-31,Registered,2432.85
M-00860,"Miller, Miller and Thomas",Food & Beverage,2021-02-10,Not Registered,25291.15
M-00861,Jacobs Ltd,Wholesale,2016-06-27,Not Registered,11359.72
M-00862,"Bruce, Castaneda and Johnson",Food & Beverage,2018-03-22,Registered,48331.63
M-00863,Flores and Sons,Services,2022-07-24,Registered,41623.95
M-00864,"Drake, White and Hood",E-commerce,2021-08-03,Registered,13327.18
M-00865,Castillo-Roman,Wholesale,2019-10-25,Registered,26033.47
M-00866,Peterson and Sons,Food & Beverage,2018-12-26,Not Registered,23247.21
M-00867,Long and Sons,Food & Beverage,2024-11-12,Not Registered,30567.83
M-00868,"Wells, Davis and Davis",Retail,2016-11-04,Not Registered,23258.32
M-00869,Taylor PLC,Wholesale,2021-10-01,Registered,22465.44
M-00870,Davis-Carlson,Services,2016-12-03,Registered,33827.45
M-00871,"Jackson, Wilson and Fox",Retail,2016-11-14,Not Registered,41056.29
M-00872,"Reilly, Jones and Hardy",Services,2023-07-16,Registered,34363.94
M-00873,Adams-Jones,Food & Beverage,2017-05-28,Not Registered,22073.07
M-00874,"Hernandez, Bishop and Leon",Wholesale,2022-10-03,Not Registered,36585.62
M-00875,Taylor and Sons,Services,2017-02-19,Not Registered,46068.31
M-00876,Caldwell Ltd,Wholesale,2024-08-11,Not Registered,6720.49
M-00877,Vaughn-Lee,Food & Beverage,2017-01-16,Registered,5430.53
M-00878,Perry Group,Food & Beverage,2021-01-10,Registered,35529.14
M-00879,Fisher Ltd,Wholesale,2015-09-03,Registered,1826.3
M-00880,"Graham, Salazar and Williams",E-commerce,2021-11-30,Not Registered,29466.73
M-00881,Fuller-Barnett,Retail,2017-01-07,Not Registered,26317.95
M-00882,Fleming-Cole,E-commerce,2020-11-25,Not Registered,21828.18
M-00883,Faulkner-Elliott,Retail,2016-10-04,Not Registered,3037.46
M-00884,Hale Ltd,Retail,2020-01-08,Registered,21059.11
M-00885,Arias Group,Services,2023-12-21,Not Registered,21327.25
M-00886,"Meza, Larsen and Michael",E-commerce,2014-12-31,Not Registered,25996.37
M-00887,Doyle Inc,Wholesale,2016-10-12,Registered,10295.56
M-00888,"Harvey, Ray and Dominguez",Services,2017-10-31,Registered,36979.01
M-00889,Jimenez Inc,Wholesale,2021-04-03,Registered,37815.13
M-00890,Roberts and Sons,Wholesale,2020-09-17,Registered,38378.65
M-00891,"Rogers, Camacho and Anderson",E-commerce,2014-12-30,Registered,14044.86
M-00892,Jackson Inc,Retail,2021-01-18,Registered,24414.94
M-00893,Callahan Group,Services,2016-01-07,Not Registered,13191.98
M-00894,Patel Ltd,Retail,2024-07-21,Not Registered,25325.53
M-00895,Mcfarland-Edwards,Food & Beverage,2016-03-26,Registered,15032.53
M-00896,Moore and Sons,Wholesale,2017-07-28,Not Registered,42304.54
M-00897,Morrison Ltd,Services,2023-12-26,Registered,26988.43
M-00898,Turner Group,E-commerce,2020-08-26,Not Registered,23070.84
M-00899,Guerrero PLC,E-commerce,2022-11-03,Not Registered,19907.68
M-00900,Moore-Hester,Services,2016-04-23,Not Registered,37302.61
M-00901,Williams-Smith,E-commerce,2023-10-26,Not Registered,19385.15
M-00902,Davis Group,E-commerce,2023-01-09,Registered,49007.8
M-00903,Ward-Wilkerson,Food & Beverage,2020-03-08,Registered,25183.84
M-00904,"Williams, Miller and Todd",Services,2024-02-14,Registered,47918.79
M-00905,Casey PLC,Wholesale,2019-07-18,Not Registered,28434.15
M-00906,Martinez LLC,Services,2015-06-20,Registered,47735.09
M-00907,Rogers PLC,Retail,2021-04-17,Not Registered,1079.32
M-00908,Stevens-Davis,Retail,2021-07-30,Not Registered,7626.81
M-00909,Kent-Hudson,Food & Beverage,2015-05-18,Registered,3859.47
M-00910,Gentry Group,E-commerce,2021-08-11,Registered,31604.11
M-00911,Williams Ltd,Food & Beverage,2015-07-09,Registered,8715.0
M-00912,"Hill, Hunter and Miller",E-commerce,2017-07-14,Not Registered,5144.67
M-00913,Johnson-Carrillo,E-commerce,2022-07-23,Registered,44884.88
M-00914,Gallagher-Knapp,Wholesale,2023-10-04,Not Registered,20888.22
M-00915,Sanford-Williams,Services,2024-02-01,Registered,37168.54
M-00916,Pugh Ltd,Wholesale,2017-04-18,Registered,38184.91
M-00917,"Dawson, Mcdonald and Parker",Services,2019-11-20,Registered,36726.94
M-00918,Ortiz-Vargas,Wholesale,2019-06-12,Not Registered,5838.42
M-00919,English-Holland,E-commerce,2015-06-03,Registered,41081.3
M-00920,Zimmerman-Terry,Food & Beverage,2022-06-12,Not Registered,24142.56
M-00921,Lyons LLC,Services,2015-08-03,Not Registered,36451.46
M-00922,"Mullen, Adkins and Barron",Wholesale,2022-01-01,Registered,27951.51
M-00923,"Gonzalez, Klein and Lyons",Retail,2016-02-17,Not Registered,45836.89
M-00924,Johnson Ltd,Wholesale,2018-08-18,Registered,20199.18
M-00925,"Johnson, Hall and Lee",Retail,2020-01-23,Registered,19959.91
M-00926,Kim-Perry,Wholesale,2015-05-09,Registered,44194.1
M-00927,Walters Ltd,Food & Beverage,2017-05-08,Not Registered,1663.3
M-00928,Morales and Sons,Food & Beverage,2018-05-16,Registered,43058.35
M-00929,"Gonzalez, Chandler and Romero",E-commerce,2015-10-27,Not Registered,48824.51
M-00930,"Simmons, Peters and Brown",E-commerce,2022-01-14,Registered,18281.41
M-00931,Thompson Inc,Food & Beverage,2022-03-13,Registered,28418.98
M-00932,Young-Mcdaniel,E-commerce,2020-09-06,Registered,33478.85
M-00933,Wilson Inc,Food & Beverage,2023-01-10,Registered,37440.65
M-00934,Hardin Ltd,Wholesale,2022-08-26,Not Registered,38965.89
M-00935,Gonzalez and Sons,Services,2017-04-09,Not Registered,11834.65
M-00936,Galvan LLC,Retail,2022-02-15,Not Registered,46354.12
M-00937,Green Ltd,Services,2021-11-13,Not Registered,45103.16
M-00938,"Richardson, Huber and Parks",Retail,2024-09-21,Not Registered,39585.98
M-00939,"Frey, Johnson and Owen",E-commerce,2015-08-02,Not Registered,14392.05
M-00940,Avila Ltd,Wholesale,2015-02-20,Not Registered,27682.22
M-00941,"Holmes, Marshall and Mora",Food & Beverage,2024-09-05,Registered,40704.63
M-00942,"Anderson, Phillips and Miller",Retail,2015-05-21,Registered,25431.47
M-00943,Sanders Ltd,Food & Beverage,2015-07-12,Not Registered,4992.55
M-00944,Baker Inc,Wholesale,2022-06-08,Not Registered,35951.85
M-00945,Ross-Schaefer,E-commerce,2021-10-13,Not Registered,10589.21
M-00946,Williams-Cook,Food & Beverage,2017-10-27,Registered,29377.37
M-00947,Lawrence-Thompson,Retail,2017-10-25,Registered,41691.33
M-00948,Ward PLC,Food & Beverage,2016-03-17,Not Registered,10908.77
M-00949,Patterson Group,E-commerce,2015-11-10,Registered,36571.67
M-00950,Lamb-Santana,Wholesale,2017-07-05,Registered,8911.47
M-00951,"Foster, Haynes and Bernard",E-commerce,2021-11-02,Registered,32165.42
M-00952,"Kidd, Patel and Huff",Wholesale,2019-10-30,Registered,44121.19
M-00953,Miller Ltd,Food & Beverage,2017-01-25,Registered,44968.01
M-00954,Ayala Group,E-commerce,2017-06-12,Not Registered,4248.36
M-00955,"Bates, Lopez and Smith",Retail,2019-09-28,Not Registered,22238.02
M-00956,"Stone, Owens and Cross",E-commerce,2016-10-03,Not Registered,18888.9
M-00957,Nichols-Vargas,Food & Beverage,2016-02-22,Not Registered,33121.25
M-00958,"Hayes, Hall and Romero",Wholesale,2017-11-13,Not Registered,30594.2
M-00959,Jackson-Howe,Wholesale,2024-02-10,Not Registered,2177.64
M-00960,Perez-Diaz,Wholesale,2023-09-24,Not Registered,28884.4
M-00961,Williams and Sons,E-commerce,2015-11-02,Registered,21432.93
M-00962,Rivera-Howard,E-commerce,2015-01-03,Not Registered,23101.85
M-00963,"Barry, Davis and Thompson",E-commerce,2021-12-13,Registered,48564.57
M-00964,Jones and Sons,E-commerce,2019-07-12,Not Registered,29218.25
M-00965,Green Inc,Wholesale,2023-10-13,Not Registered,36487.86
M-00966,Anderson LLC,Services,2021-07-30,Not Registered,11032.02
M-00967,Smith PLC,Wholesale,2018-10-12,Registered,17583.67
M-00968,"Gross, Khan and Sullivan",Food & Beverage,2018-06-14,Registered,26098.68
M-00969,Colon-Allen,Food & Beverage,2019-08-06,Registered,7620.63
M-00970,Melton PLC,Services,2023-01-04,Not Registered,11319.23
M-00971,Carr Inc,Retail,2021-06-05,Not Registered,27908.9
M-00972,Duran Ltd,Retail,2017-06-25,Not Registered,25972.56
M-00973,Elliott PLC,Retail,2015-02-25,Registered,47934.06
M-00974,Fox and Sons,Wholesale,2023-08-09,Not Registered,16516.54
M-00975,Skinner-Hayden,Retail,2020-06-20,Not Registered,34419.8
M-00976,Casey-Lee,Food & Beverage,2020-10-26,Not Registered,9986.84
M-00977,Ray Inc,Retail,2018-07-08,Registered,28969.52
M-00978,Jackson Ltd,Food & Beverage,2021-09-18,Registered,23735.83
M-00979,"Lopez, Rush and Carter",Food & Beverage,2024-04-26,Not Registered,8615.89
M-00980,Garza Ltd,Wholesale,2024-08-18,Registered,21248.03
M-00981,"Callahan, West and Hicks",Wholesale,2015-06-23,Not Registered,41480.24
M-00982,"Johnson, Williams and Deleon",E-commerce,2020-09-23,Registered,14708.15
M-00983,"Moore, Tate and Anderson",Retail,2016-05-23,Not Registered,19903.7
M-00984,"Thomas, Hall and Harris",Retail,2016-12-06,Registered,1727.76
M-00985,Johnson Inc,Food & Beverage,2015-07-03,Not Registered,42027.04
M-00986,Wells LLC,E-commerce,2018-04-06,Not Registered,34444.22
M-00987,"White, Jones and Montgomery",Wholesale,2023-02-26,Not Registered,37850.28
M-00988,"Davis, Blair and Hunt",Retail,2016-05-16,Not Registered,5997.11
M-00989,Rodriguez-Clark,Services,2022-06-16,Not Registered,44732.21
M-00990,"West, Contreras and Kelly",Retail,2019-04-17,Not Registered,48941.52
M-00991,"Morgan, Arias and Santana",Services,2024-06-21,Registered,10104.42
M-00992,Prince-Hill,Services,2015-09-18,Not Registered,4226.27
M-00993,Hudson-Hale,Retail,2024-05-19,Registered,31274.05
M-00994,Osborn Group,Services,2019-08-17,Not Registered,45635.95
M-00995,Deleon-Anderson,Food & Beverage,2018-05-10,Registered,44681.92
M-00996,"Ortiz, Malone and Moore",Wholesale,2017-07-24,Not Registered,15535.3
M-00997,Quinn-Davis,Wholesale,2018-11-27,Not Registered,7930.07
M-00998,Williams PLC,Retail,2020-07-24,Not Registered,30584.89
M-00999,"Garcia, Mathis and Davis",E-commerce,2018-06-09,Not Registered,13641.95
M-01000,"Anderson, Sutton and Pearson",Food & Beverage,2019-08-14,Not Registered,23010.73
